words,letter
and,a
all,a
about,a
also,a
any,a
after,a
ask,a
again,a
area,a
away,a
among,a
ago,a
allow,a
add,a
art,a
air,a
able,a
age,a
along,a
arm,a
agree,a
argue,a
act,a
above,a
avoid,a
apply,a
adult,a
agent,a
ahead,a
admit,a
alone,a
aware,a
actor,a
alive,a
army,a
abuse,a
adopt,a
aid,a
angry,a
aside,a
aim,a
apart,a
asset,a
album,a
anger,a
ally,a
award,a
arise,a
armed,a
apple,a
alter,a
adapt,a
angle,a
aide,a
auto,a
acid,a
awful,a
array,a
arena,a
await,a
alarm,a
ankle,a
amid,a
alien,a
angel,a
aunt,a
ass,a
alley,a
alike,a
aisle,a
added,a
ash,a
atop,a
awake,a
arrow,a
but,b
back,b
big,b
begin,b
bring,b
book,b
black,b
both,b
bad,b
best,b
body,b
boy,b
buy,b
build,b
break,b
base,b
baby,b
bank,b
board,b
bed,b
blood,b
box,b
bill,b
blue,b
ball,b
bit,b
bar,b
bag,b
beat,b
born,b
bird,b
basic,b
brain,b
boat,b
band,b
basis,b
block,b
broad,b
blow,b
burn,b
bone,b
below,b
bus,b
birth,b
bear,b
being,b
brown,b
blame,b
bowl,b
bond,b
beer,b
busy,b
beach,b
bomb,b
bread,b
brief,b
bike,b
bend,b
boss,b
boot,b
bean,b
bury,b
belt,b
buck,b
bind,b
brand,b
bell,b
bunch,b
bet,b
blind,b
bench,b
bake,b
buyer,b
badly,b
blade,b
bite,b
boom,b
brush,b
ban,b
brick,b
bare,b
beg,b
beef,b
bay,b
boost,b
bat,b
beam,b
belly,b
bath,b
bold,b
blend,b
bias,b
bid,b
bow,b
buddy,b
barn,b
bug,b
bless,b
bonus,b
bush,b
bull,b
bee,b
boil,b
booth,b
beast,b
boast,b
blank,b
blink,b
butt,b
bulk,b
beard,b
brake,b
blast,b
blond,b
brave,b
bride,b
bulb,b
bolt,b
can,c
come,c
could,c
child,c
call,c
case,c
car,c
city,c
cut,c
class,c
care,c
carry,c
court,c
cost,c
cover,c
clear,c
catch,c
cause,c
close,c
color,c
cup,c
crime,c
check,c
claim,c
cold,c
card,c
cell,c
chair,c
coach,c
civil,c
camp,c
club,c
crowd,c
count,c
cry,c
cross,c
cook,c
chief,c
cool,c
clean,c
climb,c
code,c
crew,c
chest,c
cash,c
cat,c
crazy,c
chain,c
cloud,c
copy,c
cheap,c
cite,c
core,c
cable,c
cream,c
cast,c
chip,c
cop,c
cycle,c
coat,c
cap,c
coast,c
corn,c
crop,c
cake,c
clock,c
cheek,c
chart,c
crash,c
craft,c
crack,c
cow,c
cabin,c
chef,c
cope,c
chase,c
clue,c
coal,c
couch,c
candy,c
curve,c
cloth,c
cave,c
chaos,c
click,c
carve,c
crawl,c
clerk,c
chin,c
chop,c
civic,c
cart,c
cage,c
calm,c
clip,c
cab,c
crush,c
cliff,c
cord,c
cute,c
cheat,c
coin,c
cease,c
chunk,c
coup,c
cure,c
cling,c
chill,c
cheer,c
chew,c
cruel,c
charm,c
clay,c
cue,c
cargo,c
day,d
down,d
door,d
die,d
death,d
drug,d
drive,d
data,d
draw,d
deal,d
drop,d
dead,d
dog,d
dark,d
deep,d
dream,d
dozen,d
date,d
drink,d
deny,d
dress,d
daily,d
dry,d
desk,d
dance,d
duty,d
due,d
dad,d
debt,d
doubt,d
dish,d
drag,d
diet,d
dust,d
dig,d
depth,d
draft,d
drama,d
dirt,d
deck,d
dirty,d
deer,d
delay,d
dear,d
dare,d
duck,d
dose,d
drift,d
drain,d
dump,d
drunk,d
disk,d
doll,d
donor,d
dawn,d
drum,d
diary,d
dried,d
dough,d
dam,d
damn,d
debut,d
dot,d
dip,d
deem,d
dying,d
dumb,d
drill,d
disc,d
dense,d
devil,d
dock,d
drown,d
even,e
every,e
each,e
eye,e
end,e
ever,e
early,e
else,e
event,e
eat,e
easy,e
enter,e
east,e
eight,e
enjoy,e
edge,e
exist,e
earn,e
ear,e
egg,e
extra,e
enemy,e
empty,e
earth,e
equal,e
era,e
error,e
elect,e
entry,e
essay,e
elite,e
etc,e
eager,e
ease,e
exact,e
echo,e
evil,e
elbow,e
exit,e
elder,e
equip,e
exam,e
edit,e
enact,e
ego,e
for,f
from,f
first,f
find,f
feel,f
few,f
fact,f
four,f
far,f
five,f
face,f
food,f
force,f
foot,f
fall,f
field,f
free,f
full,f
form,f
film,f
floor,f
fire,f
fight,f
fill,f
focus,f
fine,f
fund,f
fail,f
final,f
firm,f
fly,f
fish,f
fear,f
front,f
fast,f
fresh,f
fan,f
farm,f
feed,f
faith,f
folk,f
fit,f
fair,f
fully,f
fuel,f
fat,f
fruit,f
file,f
funny,f
fee,f
forth,f
frame,f
fix,f
fun,f
fewer,f
flow,f
flag,f
fifth,f
favor,f
flat,f
fiber,f
fence,f
found,f
fault,f
fade,f
fate,f
flee,f
fifty,f
float,f
flame,f
flesh,f
flour,f
fold,f
flash,f
fraud,f
flood,f
forty,f
fork,f
fluid,f
fist,f
flip,f
fool,f
faint,f
fixed,f
fever,f
fleet,f
fame,f
fur,f
forum,f
fare,f
frown,f
fog,f
fatal,f
get,g
give,g
good,g
great,g
group,g
game,g
grow,g
girl,g
guy,g
goal,g
glass,g
gun,g
guess,g
green,g
gas,g
gain,g
gold,g
guard,g
guest,g
gift,g
grade,g
grab,g
guide,g
golf,g
grant,g
gray,g
gate,g
grass,g
gay,g
gap,g
grand,g
glad,g
gene,g
giant,g
gear,g
gang,g
given,g
glove,g
grain,g
ghost,g
gaze,g
grave,g
greet,g
guilt,g
grace,g
grip,g
gym,g
grief,g
glory,g
grin,g
grasp,g
gut,g
gross,g
genre,g
goat,g
globe,g
grape,g
have,h
his,h
her,h
him,h
how,h
here,h
high,h
help,h
hand,h
hear,h
hold,h
home,h
head,h
house,h
hour,h
human,h
hard,h
heart,h
hope,h
hit,h
half,h
hair,h
hot,h
happy,h
hang,h
huge,h
hotel,h
heavy,h
heat,h
hurt,h
hole,h
hide,h
horse,h
hey,h
hell,h
hire,h
hate,h
host,h
hall,h
hero,h
hill,h
hat,h
honor,h
hello,h
habit,h
holy,h
hip,h
honey,h
heel,h
humor,h
hunt,h
harsh,h
hay,h
herb,h
hurry,h
hence,h
harm,h
horn,h
hook,h
hers,h
hug,h
hint,h
huh,h
haul,h
heal,h
hike,h
have,h
his,h
her,h
him,h
how,h
here,h
high,h
help,h
hand,h
hear,h
hold,h
home,h
head,h
house,h
hour,h
human,h
hard,h
heart,h
hope,h
hit,h
half,h
hair,h
hot,h
happy,h
hang,h
huge,h
hotel,h
heavy,h
heat,h
hurt,h
hole,h
hide,h
horse,h
hey,h
hell,h
hire,h
hate,h
host,h
hall,h
hero,h
hill,h
hat,h
honor,h
hello,h
habit,h
holy,h
hip,h
honey,h
heel,h
humor,h
hunt,h
harsh,h
hay,h
herb,h
hurry,h
hence,h
harm,h
horn,h
hook,h
hers,h
hug,h
hint,h
huh,h
haul,h
heal,h
hike,h
have,h
his,h
her,h
him,h
how,h
here,h
high,h
help,h
hand,h
hear,h
hold,h
home,h
head,h
house,h
hour,h
human,h
hard,h
heart,h
hope,h
hit,h
half,h
hair,h
hot,h
happy,h
hang,h
huge,h
hotel,h
heavy,h
heat,h
hurt,h
hole,h
hide,h
horse,h
hey,h
hell,h
hire,h
hate,h
host,h
hall,h
hero,h
hill,h
hat,h
honor,h
hello,h
habit,h
holy,h
hip,h
honey,h
heel,h
humor,h
hunt,h
harsh,h
hay,h
herb,h
hurry,h
hence,h
harm,h
horn,h
hook,h
hers,h
hug,h
hint,h
huh,h
haul,h
heal,h
hike,h
know,k
keep,k
kind,k
kid,k
kill,k
key,k
knee,k
kick,k
knock,k
knife,k
kiss,k
king,k
kit,k
known,k
kneel,k
like,l
look,l
life,l
last,l
leave,l
let,l
live,l
large,l
lot,l
long,l
line,l
lose,l
law,l
later,l
least,l
learn,l
lead,l
level,l
low,l
love,l
local,l
late,l
light,l
less,l
land,l
lie,l
list,l
left,l
loss,l
lay,l
leg,l
laugh,l
legal,l
labor,l
lack,l
lift,l
limit,l
lady,l
lean,l
lots,l
leaf,l
lip,l
lunch,l
loan,l
link,l
lower,l
lab,l
lucky,l
layer,l
lake,l
lock,l
luck,l
label,l
lost,l
lover,l
loose,l
load,l
lawn,l
loud,l
lemon,l
lung,l
lap,l
log,l
logic,l
lens,l
lend,l
leap,l
limb,l
lobby,l
laser,l
lamp,l
lane,l
loop,l
lion,l
lid,l
liver,l
loyal,l
make,m
more,m
man,m
many,m
may,m
most,m
much,m
mean,m
might,m
move,m
must,m
money,m
month,m
meet,m
maybe,m
music,m
major,m
mind,m
model,m
movie,m
media,m
miss,m
main,m
mouth,m
marry,m
moral,m
male,m
map,m
metal,m
mom,m
mark,m
meal,m
mix,m
meat,m
match,m
mass,m
milk,m
mine,m
maker,m
mood,m
moon,m
mayor,m
mail,m
mad,m
minor,m
mode,m
mask,m
mere,m
math,m
mount,m
meter,m
mall,m
myth,m
menu,m
motor,m
mouse,m
mess,m
magic,m
medal,m
melt,m
march,m
mud,m
mild,m
mate,m
mixed,m
midst,m
mill,m
merit,m
not,n
now,n
new,n
need,n
never,n
night,n
next,n
name,n
news,n
north,n
note,n
near,n
nice,n
nor,n
none,n
nine,n
neck,n
nod,n
novel,n
nose,n
nurse,n
noise,n
newly,n
net,n
nerve,n
naked,n
nut,n
norm,n
nail,n
noon,n
nest,n
nasty,n
neat,n
one,o
out,o
other,o
our,o
only,o
over,o
own,o
old,o
off,o
often,o
once,o
open,o
offer,o
oil,o
order,o
occur,o
onto,o
owner,o
okay,o
ought,o
ocean,o
onion,o
odd,o
oven,o
owe,o
odds,o
organ,o
outer,o
opera,o
oral,o
ours,o
orbit,o
oak,o
opt,o
put,p
part,p
place,p
play,p
point,p
power,p
pay,p
party,p
plan,p
pass,p
pull,p
price,p
pick,p
paper,p
phone,p
piece,p
plant,p
per,p
past,p
push,p
page,p
poor,p
prove,p
peace,p
pain,p
plane,p
press,p
park,p
pound,p
path,p
photo,p
pair,p
plate,p
paint,p
pool,p
panel,p
poll,p
prime,p
pilot,p
pour,p
proud,p
plus,p
post,p
print,p
pose,p
pot,p
phase,p
pack,p
peak,p
pray,p
pure,p
peer,p
pan,p
pink,p
poem,p
pace,p
pop,p
pant,p
port,p
pause,p
pole,p
pride,p
prior,p
proof,p
poet,p
pale,p
plot,p
pipe,p
palm,p
pile,p
porch,p
pitch,p
pine,p
pet,p
piano,p
patch,p
pie,p
pill,p
pump,p
pig,p
plead,p
plain,p
pen,p
pond,p
pad,p
prize,p
pit,p
peel,p
pizza,p
pro,p
pork,p
panic,p
pulse,p
punch,p
pin,p
purse,p
pasta,p
pat,p
poke,p
plea,p
put,p
part,p
place,p
play,p
point,p
power,p
pay,p
party,p
plan,p
pass,p
pull,p
price,p
pick,p
paper,p
phone,p
piece,p
plant,p
per,p
past,p
push,p
page,p
poor,p
prove,p
peace,p
pain,p
plane,p
press,p
park,p
pound,p
path,p
photo,p
pair,p
plate,p
paint,p
pool,p
panel,p
poll,p
prime,p
pilot,p
pour,p
proud,p
plus,p
post,p
print,p
pose,p
pot,p
phase,p
pack,p
peak,p
pray,p
pure,p
peer,p
pan,p
pink,p
poem,p
pace,p
pop,p
pant,p
port,p
pause,p
pole,p
pride,p
prior,p
proof,p
poet,p
pale,p
plot,p
pipe,p
palm,p
pile,p
porch,p
pitch,p
pine,p
pet,p
piano,p
patch,p
pie,p
pill,p
pump,p
pig,p
plead,p
plain,p
pen,p
pond,p
pad,p
prize,p
pit,p
peel,p
pizza,p
pro,p
pork,p
panic,p
pulse,p
punch,p
pin,p
purse,p
pasta,p
pat,p
poke,p
plea,p
right,r
run,r
room,r
real,r
read,r
reach,r
raise,r
role,r
rate,r
road,r
red,r
rule,r
risk,r
rest,r
race,r
rise,r
ready,r
rock,r
radio,r
range,r
rich,r
refer,r
roll,r
ride,r
river,r
rain,r
ring,r
root,r
row,r
rely,r
rare,r
route,r
rush,r
rural,r
roof,r
reply,r
round,r
rough,r
rank,r
react,r
rice,r
raw,r
relax,r
rub,r
rapid,r
rid,r
rifle,r
ratio,r
rope,r
rose,r
rail,r
rape,r
rent,r
rumor,r
rat,r
rip,r
rebel,r
rider,r
realm,r
rage,r
rear,r
ranch,r
rack,r
ruin,r
royal,r
rival,r
risky,r
robot,r
rib,r
rod,r
rim,r
rally,r
radar,r
riot,r
ridge,r
say,s
she,s
some,s
see,s
still,s
state,s
same,s
seem,s
start,s
show,s
such,s
small,s
story,s
study,s
side,s
since,s
sit,s
stand,s
set,s
stop,s
speak,s
spend,s
sure,s
serve,s
send,s
sense,s
stay,s
six,s
sell,s
son,s
space,s
site,s
star,s
step,s
soon,s
short,s
south,s
sport,s
seek,s
store,s
sound,s
share,s
shoot,s
save,s
seven,s
scene,s
stock,s
size,s
sign,s
staff,s
sex,s
skill,s
stage,s
sort,s
song,s
seat,s
shake,s
style,s
sea,s
stuff,s
sing,s
skin,s
shot,s
safe,s
smile,s
score,s
stare,s
sky,s
sleep,s
sorry,s
stick,s
ship,s
stone,s
scale,s
spot,s
sun,s
sales,s
shape,s
shop,s
soft,s
speed,s
suit,s
shoe,s
shut,s
sweet,s
salt,s
sugar,s
soul,s
sight,s
storm,s
shift,s
sick,s
sheet,s
slow,s
shirt,s
snow,s
steal,s
slip,s
soil,s
solve,s
smart,s
stir,s
seed,s
solid,s
sharp,s
sir,s
sad,s
steel,s
shout,s
self,s
slide,s
shall,s
sand,s
sale,s
sauce,s
shock,s
smell,s
smoke,s
swing,s
shell,s
stake,s
snap,s
sweep,s
spin,s
super,s
slave,s
solar,s
strip,s
salad,s
sink,s
swim,s
stair,s
split,s
shelf,s
shade,s
soup,s
ski,s
scope,s
sue,s
shit,s
shrug,s
seize,s
shore,s
sin,s
sake,s
swear,s
slice,s
sigh,s
shine,s
stem,s
slope,s
slam,s
snake,s
sixth,s
suck,s
skirt,s
spill,s
sweat,s
shame,s
scare,s
sum,s
silk,s
steep,s
scary,s
silly,s
seal,s
scan,s
stiff,s
slap,s
sword,s
sail,s
steam,s
spite,s
sheer,s
sheep,s
skull,s
sock,s
sexy,s
spell,s
spoon,s
soap,s
shed,s
shove,s
stove,s
shy,s
spray,s
shark,s
scent,s
stack,s
sack,s
skip,s
sole,s
sneak,s
spare,s
squad,s
steer,s
steak,s
soar,s
suite,s
straw,s
screw,s
sofa,s
spark,s
soak,s
spy,s
slot,s
sunny,s
swell,s
spine,s
spit,s
the,t
that,t
this,t
they,t
their,t
time,t
there,t
think,t
them,t
take,t
than,t
then,t
two,t
these,t
thing,t
those,t
tell,t
try,t
too,t
three,t
talk,t
turn,t
today,t
team,t
town,t
thank,t
tax,t
table,t
teach,t
test,t
third,t
type,t
tree,t
term,t
throw,t
top,t
thus,t
trade,t
ten,t
truth,t
trial,t
treat,t
trip,t
tough,t
total,t
tend,t
task,t
troop,t
track,t
touch,t
truck,t
terms,t
text,t
tool,t
tiny,t
title,t
twice,t
tour,t
tape,t
tie,t
train,t
tall,t
thin,t
trail,t
theme,t
trend,t
truly,t
thick,t
trust,t
tooth,t
topic,t
tank,t
tear,t
tip,t
tired,t
tone,t
taste,t
tea,t
tale,t
twin,t
toss,t
tower,t
toy,t
tube,t
teen,t
tight,t
tap,t
tire,t
tribe,t
tail,t
trace,t
trick,t
tent,t
toe,t
trunk,t
trap,t
tune,t
towel,t
trait,t
thumb,t
twist,t
tide,t
toxic,t
tuck,t
thigh,t
tumor,t
trash,t
tag,t
tray,t
toll,t
tile,t
till,t
trim,t
the,t
that,t
this,t
they,t
their,t
time,t
there,t
think,t
them,t
take,t
than,t
then,t
two,t
these,t
thing,t
those,t
tell,t
try,t
too,t
three,t
talk,t
turn,t
today,t
team,t
town,t
thank,t
tax,t
table,t
teach,t
test,t
third,t
type,t
tree,t
term,t
throw,t
top,t
thus,t
trade,t
ten,t
truth,t
trial,t
treat,t
trip,t
tough,t
total,t
tend,t
task,t
troop,t
track,t
touch,t
truck,t
terms,t
text,t
tool,t
tiny,t
title,t
twice,t
tour,t
tape,t
tie,t
train,t
tall,t
thin,t
trail,t
theme,t
trend,t
truly,t
thick,t
trust,t
tooth,t
topic,t
tank,t
tear,t
tip,t
tired,t
tone,t
taste,t
tea,t
tale,t
twin,t
toss,t
tower,t
toy,t
tube,t
teen,t
tight,t
tap,t
tire,t
tribe,t
tail,t
trace,t
trick,t
tent,t
toe,t
trunk,t
trap,t
tune,t
towel,t
trait,t
thumb,t
twist,t
tide,t
toxic,t
tuck,t
thigh,t
tumor,t
trash,t
tag,t
tray,t
toll,t
tile,t
till,t
trim,t
the,t
that,t
this,t
they,t
their,t
time,t
there,t
think,t
them,t
take,t
than,t
then,t
two,t
these,t
thing,t
those,t
tell,t
try,t
too,t
three,t
talk,t
turn,t
today,t
team,t
town,t
thank,t
tax,t
table,t
teach,t
test,t
third,t
type,t
tree,t
term,t
throw,t
top,t
thus,t
trade,t
ten,t
truth,t
trial,t
treat,t
trip,t
tough,t
total,t
tend,t
task,t
troop,t
track,t
touch,t
truck,t
terms,t
text,t
tool,t
tiny,t
title,t
twice,t
tour,t
tape,t
tie,t
train,t
tall,t
thin,t
trail,t
theme,t
trend,t
truly,t
thick,t
trust,t
tooth,t
topic,t
tank,t
tear,t
tip,t
tired,t
tone,t
taste,t
tea,t
tale,t
twin,t
toss,t
tower,t
toy,t
tube,t
teen,t
tight,t
tap,t
tire,t
tribe,t
tail,t
trace,t
trick,t
tent,t
toe,t
trunk,t
trap,t
tune,t
towel,t
trait,t
thumb,t
twist,t
tide,t
toxic,t
tuck,t
thigh,t
tumor,t
trash,t
tag,t
tray,t
toll,t
tile,t
till,t
trim,t
with,w
what,w
who,w
would,w
will,w
when,w
which,w
want,w
way,w
well,w
woman,w
work,w
world,w
while,w
why,w
where,w
week,w
water,w
write,w
word,w
white,w
watch,w
war,w
walk,w
win,w
wait,w
wife,w
whole,w
wear,w
whose,w
wall,w
wrong,w
west,w
wide,w
worry,w
whom,w
wish,w
wind,w
wood,w
wild,w
worth,w
warm,w
wave,w
wine,w
works,w
wake,w
warn,w
wing,w
waste,w
wheel,w
weak,w
wrap,w
wash,w
wire,w
wet,w
weigh,w
wage,w
wipe,w
wound,w
wise,w
wrist,w
weird,w
wow,w
wolf,w
wagon,w
web,w
whale,w
whip,w
waist,w
wheat,w
weed,w
widow,w
weave,w
with,w
what,w
who,w
would,w
will,w
when,w
which,w
want,w
way,w
well,w
woman,w
work,w
world,w
while,w
why,w
where,w
week,w
water,w
write,w
word,w
white,w
watch,w
war,w
walk,w
win,w
wait,w
wife,w
whole,w
wear,w
whose,w
wall,w
wrong,w
west,w
wide,w
worry,w
whom,w
wish,w
wind,w
wood,w
wild,w
worth,w
warm,w
wave,w
wine,w
works,w
wake,w
warn,w
wing,w
waste,w
wheel,w
weak,w
wrap,w
wash,w
wire,w
wet,w
weigh,w
wage,w
wipe,w
wound,w
wise,w
wrist,w
weird,w
wow,w
wolf,w
wagon,w
web,w
whale,w
whip,w
waist,w
wheat,w
weed,w
widow,w
weave,w
you,y
year,y
your,y
young,y
yes,y
yet,y
yeah,y
yard,y
youth,y
yell,y
yield,y
yours,y
you,y
year,y
your,y
young,y
yes,y
yet,y
yeah,y
yard,y
youth,y
yell,y
yield,y
yours,y
